cc_num,gender,city,job,age
2468117351683689,M,Los Angeles,Lawyer,31
7312796986089604,F,Houston,Clerk,55
8219705739824918,M,Phoenix,Doctor,21
9983622937436029,F,Phoenix,Teacher,54
5847400826403727,M,Los Angeles,Engineer,38
6126632551643074,M,Houston,Nurse,56
2801374844713453,F,Chicago,Engineer,22
5720410738413993,F,Los Angeles,Teacher,49
5759528691173043,F,Chicago,Clerk,59
9176521297121230,M,New York,Nurse,46
7375843319033803,M,Chicago,Teacher,47
2047360634136339,M,Los Angeles,Lawyer,56
4217166742735358,M,Houston,Engineer,33
6874874542906521,F,Chicago,Lawyer,43
5743724779323932,F,New York,Clerk,55
9654872472567215,F,Houston,Doctor,38
6993579738258838,F,Phoenix,Artist,43
8630555527883372,M,Phoenix,Engineer,54
4670281932713873,M,Houston,Doctor,68
8440232517975683,F,Los Angeles,Nurse,29
5283666535001058,F,Chicago,Teacher,59
8234212817097551,F,Chicago,Teacher,44
2795820813047956,F,Houston,Clerk,41
8186428431838732,F,Chicago,Clerk,67
5907673211065893,M,Phoenix,Engineer,38
4190774759011013,M,Houston,Artist,54
6997559541615605,M,Chicago,Artist,35
9953660435726429,M,New York,Teacher,30
2817868126442547,F,Los Angeles,Teacher,69
8060511762642782,F,New York,Doctor,28
7665762872999898,M,New York,Lawyer,67
6181243869749533,F,Chicago,Teacher,55
8620383969286195,M,Houston,Doctor,33
5609314010487205,F,Phoenix,Clerk,24
5700571374994535,M,Houston,Lawyer,33
1899808323479476,F,Chicago,Teacher,21
2661147954578566,F,Chicago,Engineer,43
3027985595749481,M,Phoenix,Engineer,57
7114656218609078,F,New York,Engineer,59
5592459586783938,M,New York,Nurse,60
2614458865063690,M,Houston,Engineer,24
6490495945119107,F,Los Angeles,Teacher,52
1379606186864305,M,Chicago,Teacher,64
2823728314429617,F,Phoenix,Artist,19
9533648492502861,F,Houston,Engineer,64
6359899219763817,F,Phoenix,Artist,66
2884670678063884,F,New York,Engineer,54
6842210383335174,F,New York,Doctor,54
4374550567274595,M,Houston,Lawyer,42
3995222018549835,F,Los Angeles,Lawyer,54
2571293851265563,M,New York,Doctor,60
7825159669656221,M,Phoenix,Teacher,25
5945200268232448,F,Chicago,Engineer,37
7722576976746866,M,Chicago,Doctor,49
3256118650539243,F,Los Angeles,Clerk,25
6705915894177882,M,Houston,Doctor,41
3370594491936288,M,Los Angeles,Clerk,52
4977764258366465,M,Phoenix,Lawyer,23
8878432890524298,M,Los Angeles,Teacher,67
1724820482737953,F,Chicago,Lawyer,34
3075507544386687,M,New York,Lawyer,58
3196223785287279,F,New York,Clerk,47
4303219970471381,M,Houston,Artist,40
1684979954857890,F,Phoenix,Artist,65
1217225462219229,M,Houston,Lawyer,54
8894287466909439,F,Los Angeles,Teacher,36
4417687621099975,F,Los Angeles,Engineer,65
4179692415914980,F,Los Angeles,Lawyer,65
3609566622776991,F,Phoenix,Nurse,40
4599980840728872,F,New York,Teacher,65
4981212880039478,F,Chicago,Doctor,19
3013328936658868,M,Chicago,Doctor,30
4589811631027476,M,Los Angeles,Teacher,30
7145604638895575,F,Los Angeles,Clerk,67
1886884028307703,F,Los Angeles,Doctor,63
7649278990724637,M,Phoenix,Teacher,53
8996687321011669,F,Chicago,Engineer,52
7130465082112317,M,Houston,Artist,45
5507317956865447,F,New York,Artist,57
2643137074075145,F,Houston,Teacher,39
5065274732152345,M,New York,Engineer,32
8152970450982536,F,Phoenix,Teacher,39
6173599782932050,M,New York,Lawyer,51
2642302152966994,F,Phoenix,Nurse,63
9879660330733643,F,Chicago,Engineer,22
9950241532414227,F,New York,Nurse,36
9642357869662348,M,Los Angeles,Clerk,20
4230825777157346,F,Los Angeles,Doctor,32
8248577492453139,M,Phoenix,Engineer,65
8240551617771676,M,Chicago,Doctor,47
8926858464803278,M,Phoenix,Lawyer,43
8565533170763137,M,Houston,Clerk,65
3535496097775147,F,Houston,Clerk,52
3853924262812167,M,Houston,Artist,28
8762870739564985,M,Los Angeles,Lawyer,19
9922595038828091,F,Houston,Clerk,28
9708929633047813,F,New York,Engineer,68
9522467417587573,F,Houston,Engineer,31
5486850555576402,F,Los Angeles,Nurse,53
7062417133234802,M,New York,Doctor,20
9355856681663424,M,Chicago,Nurse,68
5516442848951216,M,Phoenix,Engineer,22
5078442582017997,F,Phoenix,Artist,60
9324980557371715,F,New York,Nurse,66
6595820336089781,M,New York,Lawyer,55
8454886440761098,F,Phoenix,Teacher,59
3345927695864539,M,Phoenix,Doctor,43
2940396818286852,F,New York,Lawyer,68
1184930649691583,F,Phoenix,Lawyer,24
3658335989258275,F,Chicago,Nurse,28
5175214580807676,M,Houston,Artist,56
4399781539604622,F,Houston,Lawyer,29
9960500199181567,F,Chicago,Teacher,39
7096992961511116,M,Houston,Teacher,33
3037141694723776,M,Houston,Nurse,44
5235189785111382,M,Houston,Lawyer,46
7226611618681468,F,Los Angeles,Lawyer,34
7062465154578564,F,Chicago,Clerk,45
3114833527098902,M,Phoenix,Clerk,60
3138258712027404,F,New York,Engineer,55
6990594561276063,M,Chicago,Nurse,64
5602343566482804,F,Chicago,Engineer,63
5469835963135361,F,Los Angeles,Teacher,37
3974869953136181,F,Los Angeles,Artist,42
1370655398616679,M,Houston,Nurse,55
9072806671954412,M,Los Angeles,Artist,38
6104744647432099,F,Phoenix,Engineer,56
5079509814473311,M,Phoenix,Artist,44
7824308251632226,M,Houston,Teacher,69
6565856837464655,F,Los Angeles,Artist,56
6525984970382397,F,Houston,Lawyer,20
5604743620825273,M,New York,Nurse,19
1078594386886355,M,Los Angeles,Engineer,53
6715685094256252,F,Los Angeles,Lawyer,60
2317809293415808,F,Los Angeles,Artist,28
5052353373161446,F,Los Angeles,Artist,37
2625995315982576,F,Phoenix,Doctor,63
9529422170838008,F,Houston,Artist,49
7966357354272468,M,Phoenix,Lawyer,60
8870220784742643,M,Houston,Artist,53
7106171954817091,M,New York,Engineer,39
2577458893148050,M,Los Angeles,Engineer,38
6456820738894681,M,Chicago,Doctor,61
3111893892436288,F,Phoenix,Clerk,40
5668396543971801,F,Chicago,Clerk,65
3866200794466821,F,New York,Clerk,43
5491563353191361,F,Chicago,Doctor,26
4389433074739510,M,New York,Lawyer,59
9578530448361640,M,Phoenix,Lawyer,66
3517624483828049,M,New York,Clerk,47
2342434866334939,F,Phoenix,Clerk,25
7169962163186267,M,Phoenix,Nurse,26
8711179386534323,F,Chicago,Nurse,45
8622477982722059,F,Houston,Nurse,65
9413292041933773,M,Houston,Doctor,37
3279298052273240,F,Houston,Clerk,22
2046819720795596,M,Los Angeles,Nurse,44
2996996322604617,M,Chicago,Doctor,57
2619248636979924,F,New York,Doctor,48
5066714465532169,F,Houston,Teacher,69
8608942384519778,F,Chicago,Nurse,23
7606386997793953,M,Los Angeles,Nurse,69
4983992816284718,M,Chicago,Lawyer,54
1082317874685593,M,New York,Nurse,65
5689214937905290,M,Houston,Doctor,35
4735412141347653,F,New York,Clerk,41
9832545830589359,F,Los Angeles,Nurse,55
6726872814611978,F,New York,Engineer,18
7853635243145573,M,Los Angeles,Lawyer,30
7875519768769935,M,New York,Artist,46
3059290990944727,M,Los Angeles,Engineer,47
3892918951589889,F,Chicago,Doctor,22
8201147363782621,F,Chicago,Engineer,46
5434392624895445,M,Chicago,Artist,27
4183248211045301,F,Chicago,Doctor,41
5884970060828187,M,New York,Lawyer,65
2779982782632545,M,Phoenix,Artist,60
6016996448475856,F,Los Angeles,Teacher,19
4122315173475976,M,Los Angeles,Engineer,47
2980147560808381,M,Phoenix,Lawyer,36
6043914128567345,F,Los Angeles,Teacher,56
9989579760163263,F,Los Angeles,Doctor,26
4920577175372430,M,Chicago,Doctor,59
3265698529432098,M,Los Angeles,Teacher,41
1712118452952845,F,Los Angeles,Artist,22
1717402167435728,F,Houston,Artist,26
2039292288533304,M,Los Angeles,Lawyer,62
8971211225325405,M,Phoenix,Clerk,67
7908709590511401,F,Los Angeles,Teacher,28
8788888116037393,M,Phoenix,Engineer,33
3220561957909680,M,Los Angeles,Teacher,53
9191282011058666,F,Phoenix,Nurse,41
9953425339818617,M,Los Angeles,Engineer,41
5552705659737069,F,Los Angeles,Lawyer,22
1948382554595612,F,Houston,Clerk,56
3612846337268390,M,Houston,Clerk,30
4031647356924302,F,Los Angeles,Engineer,25
9021629682582227,F,Houston,Doctor,18
4320940370598638,F,New York,Doctor,60
4891898046162335,M,New York,Doctor,37
4090610615501003,F,Chicago,Clerk,42
2609818459278771,M,Chicago,Engineer,43
5632194182178053,F,New York,Clerk,24
2098951072455085,F,Chicago,Doctor,23
6680709859321007,F,Los Angeles,Artist,37
4189759174939390,F,Los Angeles,Artist,61
4619787349754203,F,Chicago,Lawyer,27
7434166958884383,M,New York,Lawyer,31
8438375146249293,M,Phoenix,Engineer,37
6169450853766524,F,Los Angeles,Teacher,61
4410778697182276,F,Houston,Teacher,67
4188516182981087,M,Phoenix,Lawyer,52
3935869139323712,F,Houston,Clerk,41
3823212759487420,F,Los Angeles,Engineer,50
2045994773695268,M,Chicago,Lawyer,63
2213510810398108,F,Houston,Doctor,49
6424990980134525,M,New York,Doctor,35
8637470522681393,F,Houston,Lawyer,30
5841410614599015,M,New York,Doctor,61
7387591731612817,M,Phoenix,Nurse,25
7217626590375513,M,Phoenix,Artist,69
7080440013134134,M,Chicago,Nurse,21
1445967671799808,F,New York,Artist,49
4406356390122397,F,Chicago,Artist,23
7403603358432640,M,Houston,Nurse,19
4967457890134547,F,Chicago,Teacher,58
1395106197202978,F,Houston,Clerk,60
4833127936623073,F,Phoenix,Teacher,44
5089425082847489,F,Chicago,Engineer,41
7870369412565618,M,Phoenix,Teacher,45
8895717573877837,F,Houston,Clerk,37
6628538377634313,F,New York,Artist,65
8805836189127154,F,Los Angeles,Lawyer,24
3445978678159930,F,Houston,Clerk,66
9991842437016603,F,Houston,Engineer,67
6391518678129070,M,Los Angeles,Engineer,28
7460144084731973,F,Los Angeles,Lawyer,31
8035686794908331,F,Phoenix,Nurse,52
7281138416485122,F,Houston,Teacher,27
3667493747126450,F,Houston,Engineer,33
3281696728802954,M,Chicago,Nurse,42
5354979190264123,F,Los Angeles,Artist,69
8380676395244843,F,New York,Doctor,56
7274815158912488,M,Houston,Artist,53
3622556887399519,F,Chicago,Nurse,35
3700790148177958,M,New York,Nurse,43
5152617136263396,F,Phoenix,Artist,44
7501691347664844,F,Chicago,Teacher,37
2707728075418034,M,New York,Doctor,26
9371824511927911,M,Houston,Engineer,55
5633125756783538,M,Chicago,Artist,61
1426417792379565,F,Los Angeles,Lawyer,44
9576144433401329,F,New York,Engineer,62
3711510567105580,F,Houston,Teacher,62
4381532815614930,M,Chicago,Clerk,19
2639919716806045,M,New York,Artist,48
9774222376811422,F,Phoenix,Engineer,35
5514468281213801,F,Phoenix,Teacher,40
5929605755466395,M,Los Angeles,Teacher,56
4337584115674868,M,Chicago,Clerk,38
7194579481126091,F,Chicago,Engineer,52
2111314477645686,F,Los Angeles,Lawyer,54
2943708768126750,F,Chicago,Engineer,27
7115626683466728,F,Phoenix,Engineer,46
7164829840145980,M,Phoenix,Clerk,68
7126865529607526,F,Los Angeles,Doctor,38
9031125386647346,M,Houston,Nurse,32
9577951323679384,F,Los Angeles,Lawyer,67
9677194560171020,F,Phoenix,Teacher,40
3401800190846381,F,Los Angeles,Lawyer,44
6245252421892612,M,Phoenix,Artist,36
1933955673404714,F,Houston,Doctor,61
5793382239236376,M,Phoenix,Engineer,47
9234160526483367,F,Chicago,Doctor,36
6350332939133843,F,New York,Nurse,27
5304413236941821,M,Houston,Clerk,42
5070648072458117,F,New York,Lawyer,28
4950864445142893,M,Houston,Artist,53
4340563615783012,M,Houston,Teacher,37
8297537231216930,M,Houston,Artist,25
9164545358266400,F,Houston,Clerk,46
9620256318535828,F,Phoenix,Teacher,35
7111234523958607,M,Chicago,Doctor,41
3747766444585692,F,Phoenix,Artist,46
8907910719233703,F,Phoenix,Artist,60
9610377483788436,F,Chicago,Clerk,58
7320105652667452,M,Houston,Engineer,30
4246301266596359,M,Chicago,Clerk,36
8575486312432990,F,New York,Nurse,43
3297490972398111,M,Chicago,Engineer,37
9459438626166167,F,Phoenix,Lawyer,24
2965566393362759,F,Houston,Artist,41
7403445373128154,F,Phoenix,Doctor,63
5448627242099754,F,New York,Doctor,67
8269260145405010,F,Houston,Teacher,66
4945646064461628,F,Los Angeles,Lawyer,18
3100636424985666,M,Phoenix,Teacher,63
8901773857253795,F,Phoenix,Engineer,68
5435766319978018,M,Chicago,Doctor,52
6473925825494173,M,Houston,Doctor,53
4391929952632524,F,Phoenix,Artist,60
7987344259708701,M,New York,Nurse,58
4463485922592277,F,Houston,Artist,43
1207685779458626,M,Houston,Engineer,62
9493211278371970,F,Chicago,Lawyer,42
3371722224385516,F,Phoenix,Nurse,30
6751314538818107,M,Phoenix,Artist,49
5591392657721120,F,Los Angeles,Doctor,18
7401462747166641,F,Los Angeles,Lawyer,56
7634580770516659,M,Houston,Teacher,65
2059776767776803,F,Phoenix,Engineer,25
5293563526459488,M,Chicago,Teacher,50
7870390129294137,F,Phoenix,Doctor,50
3315150391966060,F,Chicago,Nurse,23
3374710723634543,M,Los Angeles,Teacher,27
3703842113004788,F,New York,Doctor,38
6350737928878785,M,Phoenix,Teacher,33
4298986035036664,M,Los Angeles,Engineer,33
4095489114638262,M,New York,Lawyer,69
4212129365638876,F,New York,Engineer,26
7535110911009677,M,Los Angeles,Engineer,69
2569524349378487,M,Los Angeles,Artist,58
6571913445142341,F,Los Angeles,Lawyer,21
7941128351439586,M,Chicago,Nurse,18
3161895254814866,F,Houston,Teacher,37
9040500188546511,M,Houston,Clerk,69
2771930918402250,F,Houston,Artist,61
5830303947455004,F,Chicago,Doctor,45
7554841364236395,F,Los Angeles,Lawyer,29
4895296123456724,F,Houston,Clerk,29
5580893075578334,F,Chicago,Nurse,34
1850825919141189,F,Chicago,Lawyer,18
1435633558277579,M,Los Angeles,Teacher,66
3301605275506994,M,New York,Artist,51
4667403930667604,F,Chicago,Teacher,39
2801436869846463,M,Phoenix,Teacher,38
6481904476521194,F,Chicago,Nurse,63
6341209997843350,M,New York,Lawyer,70
6171210822743823,F,New York,Doctor,25
3735780944939712,M,Phoenix,Lawyer,44
4347299737056228,M,Houston,Nurse,27
6091522082684951,F,Chicago,Engineer,26
1098384171847569,M,Los Angeles,Engineer,60
4467867958388006,F,Los Angeles,Engineer,40
3662463286362375,F,Phoenix,Doctor,59
9522441117141112,M,New York,Lawyer,43
2496944646724618,M,Houston,Nurse,46
4001553551807583,M,Chicago,Engineer,47
6968246438624025,F,Chicago,Nurse,51
1557940842961961,M,Chicago,Nurse,38
7492861469827193,M,Los Angeles,Clerk,32
1076831322882711,M,Houston,Teacher,60
8860756083787830,M,Phoenix,Doctor,44
2931896599837395,M,Los Angeles,Nurse,35
2940151529254755,M,New York,Artist,28
5582733690663713,F,Houston,Engineer,24
9173332724794494,M,New York,Lawyer,33
2592909775695418,F,Chicago,Lawyer,68
9538791366942971,F,Los Angeles,Doctor,66
4844163740115400,M,Houston,Nurse,44
6267104963519155,F,Los Angeles,Teacher,41
8704791492458466,M,Houston,Nurse,54
8592500324958892,F,Chicago,Engineer,51
6708550931536989,M,Houston,Artist,41
7526644912134456,F,Chicago,Nurse,51
4051150252508792,M,Los Angeles,Clerk,31
6027546463411505,M,Los Angeles,Lawyer,54
7473700433498550,M,Los Angeles,Clerk,54
1001431780128805,F,Chicago,Engineer,31
8180612965658657,M,New York,Lawyer,42
9116833540864362,F,New York,Doctor,66
1925840337245768,M,Houston,Artist,50
9242400179488463,M,Los Angeles,Clerk,31
9279720437338455,F,New York,Engineer,42
4592933858817442,M,Phoenix,Doctor,29
7088351973015504,F,Los Angeles,Nurse,46
1468566283251822,M,Phoenix,Artist,21
8491977248722364,F,New York,Teacher,20
1129409580974895,F,Chicago,Doctor,30
3266569580059821,M,Phoenix,Lawyer,37
4074552539627978,M,Phoenix,Engineer,30
1804427332444613,F,Los Angeles,Nurse,40
9562112611388462,M,Houston,Engineer,42
5741237388848734,F,Chicago,Engineer,69
4364305859132475,F,Los Angeles,Engineer,49
8066619622876660,M,Los Angeles,Clerk,59
9041628499938737,F,New York,Lawyer,48
6755305449092074,F,Houston,Teacher,24
2713177928458224,F,Houston,Doctor,32
2534828223883667,M,Chicago,Lawyer,58
5045165725831074,M,Chicago,Clerk,50
7243363150111605,M,Houston,Clerk,27
8592704356351837,M,Phoenix,Artist,40
3762216137628546,F,Phoenix,Teacher,32
1665272571111325,M,Los Angeles,Nurse,42
2821552015675353,M,Houston,Clerk,19
6884379951554452,M,Los Angeles,Clerk,20
8043659868946066,M,Phoenix,Doctor,60
8148372550481232,M,Chicago,Clerk,27
5715939168772969,F,Houston,Teacher,19
4224532424247787,M,New York,Nurse,32
4824539675415207,M,Los Angeles,Artist,53
1074512523682446,M,Houston,Doctor,65
3154424947805324,M,New York,Clerk,46
9741908043809277,F,Los Angeles,Artist,18
1359490970684892,M,Phoenix,Nurse,19
7173893111195766,F,Los Angeles,Lawyer,69
7443419615836004,M,Chicago,Nurse,65
4746862015057497,F,Los Angeles,Artist,58
3132199528538436,M,Los Angeles,Clerk,36
4167872030535044,F,Houston,Clerk,45
2383259060223102,F,Houston,Engineer,69
9365955910956595,M,Phoenix,Clerk,67
8997604141177060,F,Chicago,Lawyer,65
4335600044148050,F,Chicago,Nurse,51
9278799625856412,M,Phoenix,Lawyer,39
4235959476852339,F,New York,Doctor,30
1421540782896870,M,Los Angeles,Engineer,59
3247717983915675,F,Houston,Engineer,42
7997540915442624,M,Phoenix,Nurse,67
2342135124331538,F,Phoenix,Doctor,56
6698717129194905,F,Houston,Lawyer,55
1630543096299767,F,Houston,Nurse,39
9945246744239707,F,New York,Teacher,30
9458216057818617,F,Chicago,Nurse,35
4349439096537056,M,Houston,Clerk,43
5862234483438937,M,Phoenix,Teacher,64
1272834951484696,F,Los Angeles,Engineer,43
6997688853598824,F,New York,Clerk,49
1826388216813643,F,Los Angeles,Nurse,64
4626901157136707,F,Los Angeles,Nurse,26
9530897673645170,F,Chicago,Engineer,57
2224941496471276,F,Los Angeles,Lawyer,49
3692977452526485,F,Phoenix,Artist,42
8986530750218395,M,Phoenix,Nurse,37
5106293598927296,F,Houston,Doctor,23
5040430369438870,F,Chicago,Artist,34
7629393447432147,M,Houston,Engineer,46
3752485994643137,M,Los Angeles,Lawyer,31
3030561793896284,M,Phoenix,Artist,35
4596645411646008,M,Houston,Engineer,20
4654313551139926,F,Phoenix,Clerk,54
1368895032984498,F,Houston,Engineer,62
4982123136257084,M,New York,Lawyer,69
4302860476253417,F,Chicago,Artist,35
7366514376266264,F,Houston,Lawyer,41
8668695521482692,M,Los Angeles,Engineer,40
1493999641596231,F,Phoenix,Artist,49
6056526868906918,F,Phoenix,Clerk,40
7448562467193855,F,Chicago,Artist,18
4205683811569523,F,Chicago,Clerk,31
6501247939378397,M,New York,Clerk,62
5754432440992863,M,Houston,Nurse,65
5935901952811941,F,New York,Teacher,33
6237677329148369,F,Houston,Artist,63
8442940279633349,F,Houston,Artist,58
1336620091155344,F,Chicago,Engineer,50
1295586262223414,M,Chicago,Clerk,65
9246864866595852,F,Houston,Clerk,18
7455883759517801,M,Chicago,Nurse,20
2822957963205126,F,Houston,Teacher,31
6838923214474530,F,Chicago,Clerk,20
6197149415702587,F,Los Angeles,Nurse,68
1401525040789513,M,Houston,Nurse,54
8750452725081165,M,Phoenix,Nurse,40
8351553135372921,F,Los Angeles,Doctor,65
2506903156178110,F,New York,Doctor,35
8557800391115111,M,Chicago,Teacher,56
5620854887687883,F,New York,Lawyer,49
5730962074969728,F,Phoenix,Doctor,45
2552592831193093,M,Chicago,Engineer,63
9382722721626955,M,New York,Teacher,32
1615184444899969,M,Los Angeles,Engineer,60
7511605537707400,F,New York,Nurse,66
3438987587267336,F,Chicago,Engineer,59
5181647048417507,F,Los Angeles,Doctor,23
1194609277713326,F,Phoenix,Engineer,45
7287636728008674,F,New York,Nurse,22
4607375392563086,M,Houston,Clerk,40
7755439557773108,M,Chicago,Nurse,37
3720662591336924,F,Houston,Doctor,45
1763116972541954,F,Houston,Teacher,55
3788458513153536,F,New York,Lawyer,20
5745216546804560,F,Houston,Artist,51
3572873865781237,M,Los Angeles,Teacher,18
8057863767291492,F,Phoenix,Clerk,47
8071385341284566,F,Phoenix,Lawyer,62
9146295026237194,M,Houston,Artist,25
1447184287339539,F,Chicago,Doctor,60
7995566125545526,F,Houston,Doctor,64
4492355410281803,F,Chicago,Doctor,55
8801617043879553,F,Phoenix,Nurse,40
8073542098345446,M,Los Angeles,Teacher,21
5880117062336089,F,Chicago,Lawyer,30
8028219335837865,F,Phoenix,Clerk,38
8814696635815205,F,New York,Teacher,65
7969497149783507,F,Houston,Teacher,26
3484542925777857,M,Chicago,Engineer,49
5892198269284935,M,Los Angeles,Teacher,68
3885233191216654,F,Houston,Engineer,64
5000401729185112,F,Phoenix,Clerk,42
4063729560727112,M,Phoenix,Doctor,43
6951554139952173,F,Phoenix,Clerk,40
3883583643373828,M,Chicago,Nurse,33
9729210573417148,F,New York,Nurse,25
1375573937354443,M,New York,Artist,58
1533584772545755,F,Phoenix,Teacher,18
3372116746857621,F,Houston,Teacher,57
2804286584461030,F,Los Angeles,Engineer,19
9853802899231617,M,Houston,Lawyer,68
5345293647076608,F,Chicago,Clerk,67
2446381871912087,F,New York,Teacher,29
7569246841894889,M,Los Angeles,Teacher,61
7126690359068069,F,Phoenix,Engineer,59
4529948066678949,M,Phoenix,Artist,64
2286327878314332,F,Chicago,Artist,35
2632419211721025,F,Chicago,Engineer,50
9297402512388457,M,Chicago,Artist,64
8154270295474299,F,Chicago,Nurse,59
3145688735629994,M,Phoenix,Teacher,65
1262308837589228,M,Phoenix,Nurse,27
1231978459576854,M,Chicago,Doctor,20
1811286231701260,M,Phoenix,Doctor,22
7218194753645029,M,Chicago,Clerk,30
5685976835795687,M,Los Angeles,Engineer,35
9599237970166486,F,Chicago,Lawyer,19
7961672728582636,F,Chicago,Engineer,44
1284888289364660,M,Los Angeles,Teacher,50
2397638133747576,M,New York,Engineer,26
8633913371336738,M,Houston,Nurse,33
8697320827273447,F,Chicago,Engineer,25
7060400461976088,F,Los Angeles,Nurse,67
6097252194938398,M,Los Angeles,Doctor,32
1160490136796889,M,Phoenix,Clerk,20
2099709734813899,M,Chicago,Artist,38
7543904423645141,M,Los Angeles,Nurse,62
8246865822746720,F,New York,Artist,64
6002174571979851,M,New York,Teacher,41
3766974227278089,F,Houston,Engineer,42
5604654092341286,F,Phoenix,Teacher,36
7744880446278780,M,Phoenix,Nurse,67
8239601728658208,M,Phoenix,Nurse,41
1012679245696600,M,Chicago,Nurse,21
6235997271854226,M,New York,Nurse,31
9918294656476753,F,Chicago,Nurse,66
1275385255505677,F,Los Angeles,Engineer,63
5916431582003778,F,Houston,Lawyer,51
9308380113332358,M,Houston,Teacher,68
3922789613393266,F,Chicago,Doctor,42
2939646464933434,M,Houston,Clerk,52
3906399929658476,M,Chicago,Doctor,66
9410867745245204,M,Phoenix,Clerk,68
2248523288785451,F,Los Angeles,Teacher,44
7538496710156173,M,Phoenix,Engineer,43
4205467799972076,M,Houston,Teacher,45
5506412232613461,M,Los Angeles,Nurse,54
4351189092752038,F,New York,Lawyer,34
4258154892622698,F,Chicago,Teacher,39
6332384928871231,M,Los Angeles,Artist,40
4766633681367199,F,Chicago,Clerk,68
5447267846699249,F,Los Angeles,Clerk,33
2042924165191835,F,Houston,Engineer,27
3988627140751488,M,Phoenix,Nurse,40
7780269161855201,F,Houston,Teacher,60
1786940725229874,M,New York,Clerk,49
7982386481132263,F,Houston,Teacher,54
1084219031273168,F,Los Angeles,Nurse,53
5588630118808296,F,New York,Engineer,42
6512171741586786,M,Los Angeles,Lawyer,54
7407675673628399,M,Phoenix,Lawyer,56
1041696963209868,F,Chicago,Nurse,29
4166536849061989,M,Phoenix,Doctor,42
2482562697647079,F,Phoenix,Engineer,49
6957255651378887,F,Phoenix,Doctor,22
6038130251396085,F,Los Angeles,Artist,61
4997181551487857,F,Chicago,Clerk,64
1780574353693272,M,Los Angeles,Doctor,24
7909581017959737,M,New York,Doctor,60
8498903128705351,M,Los Angeles,Engineer,56
8962832074933838,M,Phoenix,Clerk,51
3536912764436693,F,Houston,Doctor,30
6630411640575469,M,Houston,Nurse,43
7988462591684001,M,Los Angeles,Teacher,64
3464302924622681,M,Phoenix,Clerk,68
5777902325134209,M,Phoenix,Clerk,38
5014570396299998,F,Houston,Nurse,55
1685777383481054,M,Chicago,Teacher,53
7968656842738135,M,Chicago,Lawyer,39
4496701193575194,F,Phoenix,Doctor,30
6665510464234163,F,New York,Lawyer,29
8186835335287556,F,New York,Clerk,19
3048628034282915,F,New York,Lawyer,21
2850539127035061,M,New York,Clerk,18
5891909264153785,F,New York,Engineer,43
7997745745178324,F,Houston,Doctor,41
5249817987844956,F,Phoenix,Lawyer,28
9799421716507981,M,Los Angeles,Teacher,59
1613670733853299,M,Houston,Teacher,30
5860901763745517,M,Houston,Artist,22
2859494686682245,M,Phoenix,Engineer,47
6245606566688576,M,Chicago,Doctor,24
8460366189532059,F,Houston,Lawyer,19
6664407525334318,M,Houston,Lawyer,62
7425361170659357,M,Los Angeles,Artist,69
8947612786518465,M,New York,Artist,61
2565601822768906,F,Houston,Engineer,40
3995292894244543,F,New York,Doctor,47
5687218197547402,F,Phoenix,Lawyer,37
5299228950052670,F,Houston,Artist,50
3274359312017718,M,Los Angeles,Lawyer,65
5742181981814420,F,Los Angeles,Nurse,56
8546744921751022,F,Phoenix,Teacher,63
9704836627325436,F,New York,Artist,59
9599468088498255,M,Chicago,Doctor,18
7947989148391837,M,Phoenix,Doctor,34
9123151221034817,M,Chicago,Doctor,64
9694465451074527,F,Los Angeles,Lawyer,69
2791634361796911,M,Los Angeles,Nurse,66
4851669973772144,M,Houston,Doctor,21
9281496042711003,F,Los Angeles,Engineer,44
3433292761565462,M,New York,Clerk,24
4214916169125234,M,Los Angeles,Engineer,61
6256844513697893,F,Houston,Artist,66
6959811370575606,M,Phoenix,Teacher,35
9046275119253740,M,Houston,Nurse,48
7308701990157768,M,Phoenix,Doctor,45
6472192372338136,M,Houston,Nurse,54
8758139120459472,F,Los Angeles,Engineer,53
6912978195214509,F,Chicago,Artist,58
2986803519327122,M,New York,Doctor,63
9679113926368541,M,Chicago,Lawyer,59
5320931762456163,F,New York,Engineer,70
7698772322501382,M,Los Angeles,Teacher,46
2150948667991942,M,Houston,Doctor,59
6682694731668292,F,Houston,Clerk,41
4994940629232861,M,Phoenix,Teacher,22
2463186426846482,M,Chicago,Artist,61
9589825786465336,M,New York,Nurse,35
4069244027367014,F,Houston,Teacher,32
6965985894431467,M,Los Angeles,Clerk,35
3082200763208396,F,Houston,Teacher,30
1783244613137358,M,Phoenix,Clerk,31
7080708684761256,M,Houston,Clerk,25
7591308512129018,F,Los Angeles,Lawyer,20
4239252932918380,M,Houston,Teacher,44
2425454664983668,F,New York,Lawyer,27
2422124445285450,F,New York,Teacher,69
6640195972028363,F,Houston,Lawyer,63
4865978440961436,M,Los Angeles,Engineer,24
8192815416937160,F,Los Angeles,Lawyer,64
6915387455596470,M,Houston,Engineer,44
6802257912274524,F,Los Angeles,Engineer,18
2121950153382258,F,New York,Artist,69
5001894889328233,F,New York,Doctor,52
1211417167754929,M,New York,Engineer,29
4694222036778771,M,Phoenix,Doctor,34
7975492751906479,F,Chicago,Lawyer,22
1685901298806135,F,New York,Artist,24
7387746146099391,F,Houston,Nurse,69
4952985120373323,M,Phoenix,Doctor,22
5855478399045009,M,Houston,Artist,46
2308930692215233,M,Los Angeles,Nurse,32
3536772734433488,M,Chicago,Artist,26
7707716042923551,M,Phoenix,Lawyer,67
9233937183832294,M,Los Angeles,Doctor,24
6008473449492046,F,Los Angeles,Clerk,58
8874992733418569,F,New York,Lawyer,48
5946508480356181,F,Houston,Nurse,31
5972704028332891,F,Los Angeles,Lawyer,67
5649629610543339,M,Los Angeles,Nurse,28
1644445481578198,F,Los Angeles,Engineer,43
2002265734077399,M,Chicago,Nurse,52
7307234570531390,F,Phoenix,Nurse,27
4123241950877296,F,New York,Engineer,57
8104593465028847,F,Phoenix,Doctor,29
4804518298543873,F,Los Angeles,Teacher,41
1804627693178317,F,Chicago,Doctor,57
6991810625372531,F,Los Angeles,Teacher,20
2028820161461032,F,Houston,Engineer,69
3004616168889442,M,Phoenix,Doctor,49
8818338025472284,F,New York,Lawyer,54
9047852938367691,F,Chicago,Artist,56
7851938057615963,F,Phoenix,Clerk,25
5754317755301105,F,Los Angeles,Lawyer,49
8762616823588383,F,New York,Doctor,62
7821963539114156,M,Chicago,Lawyer,44
2753992261994337,F,Los Angeles,Engineer,65
5662507878402204,M,Los Angeles,Lawyer,59
7413232340144577,M,Phoenix,Artist,20
6721272427443861,M,Los Angeles,Artist,61
7013730571459588,M,Los Angeles,Lawyer,31
4098587418075356,F,Chicago,Teacher,18
6685529577571087,F,Los Angeles,Artist,67
7206519127197294,F,Houston,Teacher,23
3789436531329899,M,Houston,Nurse,68
1126425339432940,F,New York,Engineer,50
9635182088088053,F,Houston,Lawyer,69
1895311287583857,F,Houston,Engineer,18
8058627383033840,F,Phoenix,Engineer,21
2898847943882370,F,Houston,Teacher,19
9255670228009503,M,Los Angeles,Artist,52
1474385217565372,M,Phoenix,Clerk,55
8790228446526392,M,Houston,Lawyer,54
9910678433544882,F,Los Angeles,Clerk,48
5855831655505141,F,New York,Nurse,55
2905823510254132,M,Phoenix,Doctor,23
3981584445591529,F,Los Angeles,Clerk,48
5751262173562157,F,Phoenix,Nurse,50
7111705194133936,F,New York,Teacher,51
1925628670085013,F,New York,Nurse,45
3415130242689457,F,Phoenix,Teacher,28
9137476998971066,M,Los Angeles,Teacher,63
6905855285754186,M,Chicago,Clerk,33
1546993861904593,F,Phoenix,Engineer,61
8643890375876576,F,Chicago,Artist,35
8256711616748698,F,Los Angeles,Lawyer,47
8558682848104836,M,Houston,Doctor,65
6567344366019085,M,Phoenix,Teacher,55
7589371177001440,M,New York,Teacher,53
1670136576727002,M,Houston,Clerk,61
6594365077067998,F,Los Angeles,Clerk,66
6651183788888665,M,New York,Engineer,39
9717133983921889,M,Phoenix,Doctor,48
1910965354492567,F,Los Angeles,Teacher,34
5884181976198689,M,Phoenix,Lawyer,27
3638553752451595,F,Houston,Clerk,24
4848697579499634,M,Phoenix,Clerk,65
8987460567181950,F,New York,Lawyer,51
3515908040765812,M,Phoenix,Engineer,54
3109171021335584,F,Houston,Teacher,44
7219933597539696,F,Houston,Doctor,65
7907333390984824,F,New York,Engineer,58
8014698683617966,M,Chicago,Engineer,44
2769790783979271,M,Chicago,Clerk,25
2669723414467567,F,Phoenix,Nurse,52
3106926578836055,M,Houston,Engineer,25
3223435946956034,M,Los Angeles,Nurse,56
3905943278911227,F,Los Angeles,Clerk,45
4202427276329597,M,Houston,Clerk,31
5368477443143269,F,Los Angeles,Nurse,69
1432308227575416,F,New York,Artist,62
4736860822102517,M,Phoenix,Teacher,51
9683760449712765,F,Houston,Lawyer,49
8470941245221842,M,Phoenix,Doctor,47
6650594478051972,F,New York,Artist,62
5258736585882790,F,Los Angeles,Engineer,49
1263800267123995,F,Houston,Artist,52
9213182727024257,M,New York,Teacher,40
5655580356526445,M,New York,Doctor,58
8559786019451078,F,Phoenix,Engineer,64
1608622929981943,F,Houston,Lawyer,54
8349638894473732,M,Phoenix,Lawyer,24
8259337159266047,F,Phoenix,Nurse,18
2908693665601189,F,New York,Nurse,30
3374946954718904,M,Phoenix,Clerk,45
1462304938301625,F,Los Angeles,Doctor,23
9541837491099829,F,Los Angeles,Engineer,33
5332324828193112,M,New York,Nurse,24
2570242924797750,M,Phoenix,Teacher,19
9429858771279832,F,Los Angeles,Artist,64
3019859852174019,M,Chicago,Artist,47
3825477590903238,F,Chicago,Artist,55
9129415985721587,M,Phoenix,Clerk,64
2013184485085499,F,New York,Nurse,67
9335927815448227,F,Los Angeles,Doctor,44
3645490551602577,F,Houston,Teacher,41
4524173365294743,M,Houston,Lawyer,29
9220393228789837,M,Los Angeles,Teacher,20
9792378975841440,M,Phoenix,Artist,60
3444711143676652,F,Chicago,Doctor,45
1147585821681035,M,Chicago,Lawyer,18
5549236089382982,M,Los Angeles,Engineer,28
4099101655193872,M,Chicago,Doctor,44
6539311345648820,M,Los Angeles,Nurse,18
1252933739632701,F,New York,Doctor,41
9785910187654248,M,Chicago,Doctor,62
9360531126114359,M,Phoenix,Doctor,67
9588120311531720,F,Chicago,Lawyer,52
4701851530034006,F,Los Angeles,Doctor,26
9306858252733928,M,Houston,Engineer,59
9584956582057266,M,Chicago,Doctor,48
4926343777515265,F,Los Angeles,Nurse,22
5152493336974002,F,Chicago,Clerk,32
2938871353342013,M,Chicago,Artist,37
3114558956679204,M,Chicago,Teacher,68
6552319973236466,M,Houston,Lawyer,63
4023757617032502,M,Los Angeles,Nurse,64
3374101262052418,F,New York,Engineer,28
2181444319351664,F,Phoenix,Doctor,55
8312922758005357,F,Houston,Lawyer,21
2124328322216035,F,Phoenix,Artist,34
4042425858331213,M,Phoenix,Lawyer,65
9883751251623095,F,New York,Lawyer,31
5663203574897119,F,Chicago,Artist,65
9327130915745972,M,New York,Artist,37
6549608170633327,F,Phoenix,Nurse,40
3121551981572084,F,Houston,Artist,45
7716424052854202,M,Phoenix,Clerk,60
7831287143031995,F,Phoenix,Clerk,58
1436829912018823,F,New York,Teacher,40
7987996588409030,M,Los Angeles,Teacher,46
8578473389283262,M,Phoenix,Artist,45
3101854255793028,M,Los Angeles,Engineer,53
8640116332642010,F,Chicago,Artist,45
8767722631134271,F,Phoenix,Nurse,46
8270207132271332,F,New York,Nurse,35
3121738729156154,M,Chicago,Nurse,23
7340107587133035,F,Houston,Artist,34
7466488688331597,F,Phoenix,Doctor,63
9208657129036710,M,New York,Nurse,42
4310175614109726,M,Phoenix,Doctor,42
4784132158071590,F,New York,Lawyer,54
1449148382867292,M,New York,Artist,48
1907779773214182,M,Los Angeles,Artist,26
2186656889233177,M,Phoenix,Clerk,55
2911549912927057,M,New York,Lawyer,28
9925842076749258,F,New York,Clerk,20
8427424672422404,F,Chicago,Lawyer,43
8664856050655059,M,Phoenix,Doctor,51
8655453561086867,F,Chicago,Nurse,51
7779498639042316,M,Los Angeles,Artist,63
7421854958098765,M,Los Angeles,Lawyer,55
1233198325625451,M,New York,Engineer,58
5808218372801626,M,New York,Engineer,39
9883663871574738,M,New York,Teacher,55
6976292893156796,M,Phoenix,Doctor,60
6971877378388979,F,Phoenix,Doctor,39
3665187874702447,F,Houston,Teacher,57
2956122249609883,M,New York,Clerk,39
9215508615602413,F,Chicago,Lawyer,40
2378612385959587,M,Houston,Lawyer,58
8541991134015686,F,Phoenix,Nurse,34
8249625360285184,F,Phoenix,Clerk,18
1533688383106014,F,New York,Doctor,43
5859421056456851,M,Chicago,Nurse,53
6793188173365978,F,Chicago,Nurse,69
9034730091247138,M,Los Angeles,Doctor,36
1923803664149198,M,New York,Lawyer,68
2780949145106018,M,Phoenix,Clerk,49
2433145716224582,F,New York,Engineer,49
4179794986833466,M,New York,Lawyer,35
3837891589584820,F,Los Angeles,Lawyer,23
8136857573405336,F,Los Angeles,Nurse,23
7590886964031562,F,Houston,Nurse,53
1435688235905981,M,New York,Clerk,56
4989637927125098,M,Phoenix,Nurse,18
3781810742779391,F,Los Angeles,Doctor,37
7974810632721799,M,Houston,Doctor,46
2619937441599936,F,Houston,Teacher,40
9396434859431114,M,Houston,Nurse,32
7690946116511013,F,Phoenix,Doctor,46
9872306838349206,M,Los Angeles,Teacher,55
3034332733302302,F,Chicago,Clerk,39
8196647793156490,M,Phoenix,Artist,59
2445470877841368,M,New York,Nurse,29
8743665645326677,F,Chicago,Nurse,46
7360288172913753,M,Phoenix,Engineer,56
3649995311544515,F,Los Angeles,Doctor,22
1197876871273321,M,Houston,Teacher,62
5158700527909339,F,Phoenix,Nurse,68
8668206855068766,F,New York,Doctor,29
9634137738582084,M,New York,Teacher,33
3655892194803886,F,New York,Engineer,59
2363500895528327,F,Chicago,Teacher,45
2898586114309745,M,Houston,Nurse,30
2034547486255620,F,Phoenix,Lawyer,40
3276644916419412,M,Chicago,Clerk,42
2556236132079148,F,Phoenix,Lawyer,44
6109988432551061,M,Los Angeles,Engineer,22
8076443294722205,F,Los Angeles,Artist,62
2610627570699769,F,Phoenix,Nurse,29
4599281933436441,M,Chicago,Nurse,53
3500853558504874,F,New York,Doctor,43
2922323234916060,F,Chicago,Lawyer,48
6088226721187004,F,Chicago,Doctor,39
1704801862125701,F,Phoenix,Nurse,23
3699175968885704,F,Chicago,Engineer,67
3617504437223636,F,Los Angeles,Artist,46
8627350230565730,F,Phoenix,Lawyer,64
8468378942633195,F,Phoenix,Clerk,33
2616871589182697,F,Phoenix,Doctor,57
8820313880681299,F,Chicago,Engineer,57
5242539558703606,M,Houston,Nurse,61
2052428942839183,M,New York,Teacher,35
2648305914665321,M,New York,Teacher,64
1643674184442373,M,Los Angeles,Lawyer,20
3183230737114486,M,Phoenix,Artist,43
3954933585918539,F,New York,Artist,47
3495779151834535,F,Chicago,Engineer,29
7502446197154172,F,Chicago,Doctor,21
5061190530907283,M,Chicago,Clerk,46
9528388722289058,M,Los Angeles,Engineer,38
7939472386432209,F,Phoenix,Lawyer,30
8519900848162481,F,New York,Nurse,69
8088313964262280,F,Phoenix,Artist,49
7108530278699488,F,Phoenix,Engineer,27
9682491472285308,M,Chicago,Lawyer,19
3548922216291042,M,New York,Clerk,45
3571368785097130,M,Los Angeles,Lawyer,68
7223774777137959,M,Phoenix,Doctor,68
8668740190742425,F,Houston,Nurse,50
1619586225993050,F,Chicago,Engineer,30
2507529035055577,F,Houston,Lawyer,27
4447576593145539,F,Los Angeles,Nurse,31
9711767744951672,M,Los Angeles,Doctor,57
3267542964447615,F,Los Angeles,Clerk,29
2670569089913741,F,Los Angeles,Lawyer,64
3302325965752194,M,New York,Doctor,69
7567325424021788,F,Houston,Nurse,26
8875507560444684,F,Chicago,Doctor,60
1055239176034803,M,Houston,Engineer,69
7987891252174077,M,New York,Doctor,66
3113326356254024,F,Phoenix,Clerk,63
2923383360836086,M,Los Angeles,Teacher,54
7994632523825454,F,Phoenix,Teacher,59
1827958045812711,F,Los Angeles,Teacher,21
9513385288625384,F,Chicago,Teacher,24
2824996513689857,M,Los Angeles,Engineer,38
3557438814979635,F,Los Angeles,Lawyer,26
1745161679598796,F,Phoenix,Teacher,28
3806255667961252,F,Phoenix,Artist,65
7952997672447057,F,Phoenix,Teacher,55
9266603928937790,F,New York,Clerk,64
4280327799044859,F,Los Angeles,Lawyer,37
8860980592925156,M,Phoenix,Teacher,50
5842215724538863,M,New York,Artist,36
1847998947314140,M,Chicago,Lawyer,38
1749745749156788,M,Chicago,Teacher,54
9584208184125852,F,Los Angeles,Artist,27
9909505812609127,F,Phoenix,Nurse,18
9546962175644518,M,Los Angeles,Lawyer,63
8774228353609192,M,Los Angeles,Nurse,37
7887202840693738,M,Los Angeles,Doctor,34
3561874574386900,M,New York,Lawyer,64
9879956442296963,F,Los Angeles,Teacher,45
1612479531293860,M,Chicago,Engineer,39
7653140342705377,F,Phoenix,Lawyer,41
1474644886236526,F,Houston,Teacher,62
4964352289927428,F,Houston,Lawyer,61
7297503677315534,M,Houston,Nurse,33
4471669536183065,M,Phoenix,Engineer,46
5383688248704790,M,Los Angeles,Engineer,56
6610946580403814,F,Phoenix,Teacher,60
3418944575145652,M,Phoenix,Doctor,50
6631636323843968,F,New York,Clerk,47
1784884950003325,F,Phoenix,Nurse,63
3409360840097126,F,New York,Doctor,60
4949297680524476,F,Chicago,Engineer,20
4203557817968130,M,New York,Clerk,33
5164246956163894,F,Houston,Artist,66
1460873591138836,F,New York,Engineer,35
4286269579619574,F,Chicago,Clerk,19
5451893388549510,F,Phoenix,Artist,19
6809116519249329,M,Houston,Doctor,69
9548426443036454,F,New York,Artist,51
9171364575069803,F,Los Angeles,Artist,42
6165732770253866,F,Phoenix,Lawyer,41
8599710168732365,M,Houston,Doctor,58
5678196860979358,M,Houston,Artist,30
3588457237642318,M,New York,Doctor,27
7855703930974671,F,Phoenix,Artist,63
7873618782013964,M,Phoenix,Lawyer,28
4684161490927376,F,Los Angeles,Lawyer,69
8665891562896750,M,Los Angeles,Artist,43
3847281876077333,M,Houston,Lawyer,46
5827659727418265,F,Houston,Nurse,36
1379131789999976,M,Chicago,Engineer,37
1864334981381032,M,Houston,Artist,18
4307430917219010,F,Los Angeles,Lawyer,35
6188146819318384,F,New York,Lawyer,63
4283288712594474,F,Chicago,Artist,46
8746518545572305,M,Houston,Nurse,44
8322363510724532,F,Los Angeles,Lawyer,44
1192936012936393,F,Chicago,Nurse,40
3460245159749480,M,New York,Nurse,22
9936634565884114,F,New York,Teacher,22
3612143410559240,M,Los Angeles,Doctor,67
9852319985897582,F,Phoenix,Clerk,68
8299329211991767,F,Los Angeles,Engineer,58
7262605390965102,F,Los Angeles,Artist,20
4085384223659505,M,Los Angeles,Engineer,21
2738392767276312,F,Phoenix,Nurse,61
6538122454518198,F,Houston,Doctor,55
2074110786653074,M,Houston,Nurse,58
1326572739307092,F,New York,Clerk,40
1726364685893309,F,Houston,Artist,51
6035671487444761,M,Los Angeles,Clerk,26
3279153875882913,M,Houston,Teacher,38
9296779798358301,F,Phoenix,Artist,27
2222904631897475,F,Houston,Teacher,44
9385288847241816,M,Los Angeles,Teacher,44
1437812947227281,M,Houston,Artist,49
8128935484137719,M,New York,Artist,62
3172156793674798,F,Houston,Nurse,26
3319792797493996,F,New York,Doctor,54
1734387560767038,M,Chicago,Artist,62
8088686348053599,M,Phoenix,Lawyer,39
8009938390432138,F,New York,Engineer,40
1495869157523926,F,Chicago,Lawyer,49
6660481165493290,M,Chicago,Doctor,45
4491697206636527,F,Test City,Clerk,36
5683588910067478,M,Test City,Teacher,33
1254144954119050,F,Test City,Teacher,69
3378042663686867,M,Test City,Teacher,69
8655998288450949,M,Test City,Doctor,63
9568147955524817,M,Test City,Doctor,46
7184673287835802,M,Test City,Lawyer,56
6905316705853865,M,Test City,Engineer,74
9923816345551016,F,Test City,Lawyer,67
5160492334012253,M,Test City,Clerk,37
6672051726755609,M,Test City,Engineer,51
7315730726537328,M,Test City,Lawyer,74
2660874889102052,F,Test City,Engineer,39
5945421947786238,M,Test City,Teacher,36
4936974159985826,F,Test City,Lawyer,36
1297747970411551,F,Test City,Doctor,46
2454540781729293,F,Test City,Lawyer,31
4237748700328337,F,Test City,Doctor,68
9913590022909514,F,Test City,Teacher,48
9859408674639534,M,Test City,Doctor,45
1848614961725131,F,Test City,Lawyer,56
5376627803764337,M,Test City,Clerk,59
8538683793706952,M,Test City,Lawyer,61
6624582838462944,M,Test City,Lawyer,69
3882068295346050,F,Test City,Teacher,73
2868617412055032,F,Test City,Doctor,63
1370124048381084,M,Test City,Clerk,66
4547850060326355,M,Test City,Teacher,71
3500063546390073,M,Test City,Teacher,31
1808228936642008,M,Test City,Doctor,59
4113345811048359,F,Test City,Doctor,63
9310078623566331,F,Test City,Lawyer,53
2254130849964395,M,Test City,Doctor,33
8154422617065596,F,Test City,Doctor,27
9117441336774970,F,Test City,Clerk,51
9496565893783298,F,Test City,Teacher,56
2216115740900538,F,Test City,Clerk,42
7905548492308846,F,Test City,Clerk,71
9939447573316257,M,Test City,Teacher,53
9888098878441591,M,Test City,Doctor,39
5059278286995893,F,Test City,Teacher,44
1535535839834313,M,Test City,Engineer,71
7381324965140812,M,Test City,Teacher,26
8360747223299237,M,Test City,Clerk,26
4734422127918118,M,Test City,Lawyer,55
4058280985505395,F,Test City,Doctor,38
1749703281484585,M,Test City,Engineer,58
4982979488642298,F,Test City,Lawyer,72
7617576655888052,F,Test City,Lawyer,26
1524881038986874,M,Test City,Clerk,64
3256002542736536,M,Test City,Clerk,58
9994533380463029,F,Test City,Teacher,33
4212822705918308,F,Test City,Teacher,57
5620482878723130,M,Test City,Doctor,50
9449900287862324,F,Test City,Clerk,46
6624740995702653,F,Test City,Lawyer,50
4036375546186056,F,Test City,Clerk,31
4702056587136712,F,Test City,Doctor,66
3530953117040257,M,Test City,Lawyer,27
9677820889829059,M,Test City,Engineer,36
1752467965316559,F,Test City,Doctor,38
6063136518383267,M,Test City,Lawyer,33
4949616620267793,M,Test City,Lawyer,49
8900944501925387,M,Test City,Lawyer,71
4978917114119285,F,Test City,Lawyer,34
3989603680259992,M,Test City,Doctor,43
2594497800523130,M,Test City,Doctor,26
2039948905931857,M,Test City,Engineer,43
6452593798881681,M,Test City,Lawyer,35
2085288072766022,M,Test City,Engineer,61
6080363012501242,M,Test City,Teacher,69
7577690275618010,F,Test City,Engineer,40
9869406508582321,F,Test City,Lawyer,61
7978471191137699,F,Test City,Lawyer,72
8641709210789460,F,Test City,Doctor,70
5713842981222118,M,Test City,Teacher,70
8149117117541145,M,Test City,Lawyer,35
5330288783823571,F,Test City,Lawyer,60
1951111219654508,F,Test City,Teacher,49
7398253344859827,F,Test City,Engineer,45
9634433637214180,F,Test City,Teacher,62
3069163699237907,F,Test City,Engineer,60
1228287482773221,F,Test City,Clerk,65
2703762170382222,M,Test City,Clerk,62
8504529060202692,F,Test City,Clerk,65
4959377667381201,M,Test City,Doctor,74
8271493014183141,M,Test City,Engineer,33
5368301398305789,F,Test City,Lawyer,71
1135476141630558,M,Test City,Clerk,54
9297907707489213,F,Test City,Clerk,24
8331738445365884,F,Test City,Lawyer,30
2762537615033297,M,Test City,Clerk,52
7149117802207092,F,Test City,Clerk,34
7806070800679805,M,Test City,Clerk,42
3854209277925875,F,Test City,Doctor,69
1161443308007682,F,Test City,Engineer,53
8898224153494349,M,Test City,Engineer,40
9812171407923350,F,Test City,Engineer,62
7841160067409545,F,Test City,Teacher,68
3832654299198148,M,Test City,Teacher,34
